DateTime,coast_load,east_load,f_west_load,north_load,north_c_load,south_c_load,south_load,total_load,west_load,CLOUD_COVER,DEWPOINT,HEAT_INDEX,PRECIPITATION,TEMPERATURE,WIND_CHILL,WIND_DIRECTION,WIND_SPEED,TOTAL_CAP_GEN_RES,TOTAL_CAP_LOAD_RES,lz_north_wind,lz_south_wind,lz_west_wind,system_wind,cop_north_wind,cop_south_wind,cop_west_wind,cop_system_wind,stwpf_north_wind,stwpf_south_wind,stwpf_west_wind,stwpf_system_wind,wgrpp_houston_wind,wgrpp_north_wind,wgrpp_west_wind,wgrpp_system_wind,SYSTEM_LAMBDA_id1,RTORPA_id1,RTOFFPA_id1,RTOLCAP_id1,RTOFFCAP_id1,RTORDPA_id1,RTRRUC_id1,RTOLLASL_id1,RTOLHASL_id1,SYSTEM_LAMBDA_id2,RTORPA_id2,RTOFFPA_id2,RTOLCAP_id2,RTOFFCAP_id2,RTORDPA_id2,RTRRUC_id2,RTOLLASL_id2,RTOLHASL_id2,SYSTEM_LAMBDA_id3,RTORPA_id3,RTOFFPA_id3,RTOLCAP_id3,RTOFFCAP_id3,RTORDPA_id3,RTRRUC_id3,RTOLLASL_id3,RTOLHASL_id3,SYSTEM_LAMBDA_id4,RTORPA_id4,RTOFFPA_id4,RTOLCAP_id4,RTOFFCAP_id4,RTORDPA_id4,RTRRUC_id4,RTOLLASL_id4,RTOLHASL_id4,SYSTEM_LAMBDA_id5,RTORPA_id5,RTOFFPA_id5,RTOLCAP_id5,RTOFFCAP_id5,RTORDPA_id5,RTRRUC_id5,RTOLLASL_id5,RTOLHASL_id5,SYSTEM_LAMBDA_id6,RTORPA_id6,RTOFFPA_id6,RTOLCAP_id6,RTOFFCAP_id6,RTORDPA_id6,RTRRUC_id6,RTOLLASL_id6,RTOLHASL_id6,SYSTEM_LAMBDA_id7,RTORPA_id7,RTOFFPA_id7,RTOLCAP_id7,RTOFFCAP_id7,RTORDPA_id7,RTRRUC_id7,RTOLLASL_id7,RTOLHASL_id7,SYSTEM_LAMBDA_id8,RTORPA_id8,RTOFFPA_id8,RTOLCAP_id8,RTOFFCAP_id8,RTORDPA_id8,RTRRUC_id8,RTOLLASL_id8,RTOLHASL_id8,SYSTEM_LAMBDA_id9,RTORPA_id9,RTOFFPA_id9,RTOLCAP_id9,RTOFFCAP_id9,RTORDPA_id9,RTRRUC_id9,RTOLLASL_id9,RTOLHASL_id9,SYSTEM_LAMBDA_id10,RTORPA_id10,RTOFFPA_id10,RTOLCAP_id10,RTOFFCAP_id10,RTORDPA_id10,RTRRUC_id10,RTOLLASL_id10,RTOLHASL_id10,SYSTEM_LAMBDA_id11,RTORPA_id11,RTOFFPA_id11,RTOLCAP_id11,RTOFFCAP_id11,RTORDPA_id11,RTRRUC_id11,RTOLLASL_id11,RTOLHASL_id11,AVERAGE,DEALS,HIGH,LOW,VOLUME,DA_PRICE,response_var
2019-12-14 00:00:00-06:00,9254.34,1314.05,3670.26,890.18,10963.37,5108.59,2480.75,34853.63,1172.1,19.0,46.0,52.0,0.0,52.0,52.0,0.0,0.0,45587.5,3931.3,43.37,1005.26,5062.73,6111.36,17.5,1563.3,6278.5,7859.3,37.1,1079.8,5296.0,6412.9,624.0,16.8,3570.1,4210.9,35.2095,0.0,0.0,12888.1,4240.44,0.0,0.0,19603.62,44516.64,35.1497,0.0,0.0,12839.68,4240.44,0.0,0.0,19469.61,44200.5,34.7837,0.0,0.0,12959.35,4240.44,0.0,0.0,19469.61,44200.5,34.1095,0.0,0.0,13059.65,4240.44,0.0,0.0,19469.61,44200.5,33.7682,0.0,0.0,13145.69,4240.44,0.0,0.0,19469.61,44200.5,33.5554,0.0,0.0,13232.36,4240.44,0.0,0.0,19469.61,44200.5,33.3767,0.0,0.0,13326.73,4240.44,0.0,0.0,19469.61,44200.5,33.2526,0.0,0.0,13418.16,4240.44,0.0,0.0,19469.61,44200.5,33.1629,0.0,0.0,13496.46,4240.44,0.0,0.0,19469.61,44200.5,24.0896,0.0,0.0,13562.83,4240.44,0.0,0.0,19469.61,44200.5,23.6913,0.0,0.0,13628.07,4240.44,0.0,0.0,19469.61,44200.5,2.15,12.0,2.18,2.14,107000.0,16.61,18.007499999999993
2019-12-14 02:00:00-06:00,8902.46,1311.28,3623.68,869.65,10728.48,4959.08,2340.06,33937.61,1202.9,19.0,45.0,48.0,0.0,48.0,48.0,240.0,3.0,44089.8,3930.6,81.47,1133.42,3570.26,4785.15,67.2,1722.7,4500.0,6289.9,100.4,1195.6,3666.9,4962.9,663.4,54.0,2239.2,2956.6,36.7482,0.0,0.0,10720.93,4234.23,0.0,0.0,19155.9,41172.68,36.4809,0.0,0.0,10900.8,4234.23,0.0,0.0,19155.9,41172.68,36.4736,0.0,0.0,10962.49,4234.23,0.0,0.0,19155.9,41172.68,36.4485,0.0,0.0,10988.89,4234.23,0.0,0.0,19155.9,41172.68,36.4338,0.0,0.0,11006.0,4234.23,0.0,0.0,19155.9,41172.68,36.4204,0.0,0.0,11021.95,4234.23,0.0,0.0,19155.9,41172.68,36.4107,0.0,0.0,11034.61,4234.23,0.0,0.0,19155.9,41172.68,36.4022,0.0,0.0,11046.31,4234.23,0.0,0.0,19155.9,41172.68,36.3915,0.0,0.0,11057.75,4234.23,0.0,0.0,19155.9,41172.68,36.3819,0.0,0.0,11066.85,4234.23,0.0,0.0,19155.9,41172.68,36.3765,0.0,0.0,11072.25,4234.23,0.0,0.0,19155.9,41172.68,2.15,12.0,2.18,2.14,107000.0,15.79,18.48249999999999
2019-12-14 03:00:00-06:00,8896.14,1332.94,3621.97,877.07,10851.75,4998.2,2353.97,34169.44,1237.41,0.0,44.0,46.0,0.0,46.0,46.0,0.0,0.0,43034.8,3930.0,33.23,1141.41,2754.4,3929.04,105.5,1495.4,3592.9,5193.8,28.5,1217.0,2794.8,4040.3,692.1,13.7,1562.3,2268.1,37.5839,0.0,0.0,9816.92,4240.07,0.0,0.0,19110.13,40259.95,36.8577,0.0,0.0,10008.45,4240.07,0.0,0.0,19110.13,40259.95,36.8938,0.0,0.0,10037.91,4240.07,0.0,0.0,19110.13,40259.95,36.8713,0.0,0.0,10040.07,4240.07,0.0,0.0,19110.13,40259.95,36.8651,0.0,0.0,10034.92,4240.07,0.0,0.0,19110.13,40259.95,36.8711,0.0,0.0,10019.94,4240.07,0.0,0.0,19110.13,40259.95,36.8805,0.0,0.0,9996.56,4240.07,0.0,0.0,19110.13,40259.95,36.8897,0.0,0.0,9973.65,4240.07,0.0,0.0,19110.13,40259.95,36.8951,0.0,0.0,9960.02,4240.07,0.0,0.0,19110.13,40259.95,36.9006,0.0,0.0,9946.38,4240.07,0.0,0.0,19110.13,40259.95,36.9119,0.0,0.0,9918.08,4240.07,0.0,0.0,19110.13,40259.95,2.15,12.0,2.18,2.14,107000.0,15.62,19.259999999999994
2019-12-14 04:00:00-06:00,9013.02,1373.12,3620.9,888.53,11261.83,5133.64,2430.86,35035.69,1313.78,0.0,44.0,46.0,0.0,46.0,46.0,0.0,0.0,41938.3,3933.2,122.35,1027.05,2217.31,3366.71,75.1,1381.4,2479.2,3935.7,101.3,998.5,2210.5,3310.3,544.2,55.1,1258.9,1858.2,38.2664,0.0,0.0,8470.19,4239.84,0.0,0.0,19266.91,39546.14,37.7156,0.0,0.0,8666.61,4239.84,0.0,0.0,19266.91,39546.14,37.7223,0.0,0.0,8642.1,4239.84,0.0,0.0,19266.91,39546.14,37.7028,0.0,0.0,8594.06,4239.84,0.0,0.0,19266.91,39546.14,37.7032,0.0,0.0,8543.56,4239.84,0.0,0.0,19266.91,39546.14,37.7044,0.0,0.0,8484.55,4239.84,0.0,0.0,19266.91,39546.14,37.7291,0.0,0.0,8416.26,4239.84,0.0,0.0,19266.91,39546.14,37.7544,0.0,0.0,8348.35,4239.84,0.0,0.0,19266.91,39546.14,37.7745,0.0,0.0,8287.4,4239.84,0.0,0.0,19266.91,39546.14,37.7893,0.0,0.0,8222.73,4239.84,0.0,0.0,19266.91,39546.14,37.8152,0.0,0.0,8139.45,4239.84,0.0,0.0,19266.91,39546.14,2.15,12.0,2.18,2.14,107000.0,16.82,19.929999999999993
2019-12-14 05:00:00-06:00,9263.01,1447.77,3638.13,897.23,11767.76,5393.24,2525.04,36311.4,1379.23,0.0,43.0,46.0,0.0,46.0,46.0,360.0,3.0,41952.7,3945.6,203.64,1234.07,2336.77,3774.48,59.0,1272.2,2437.6,3768.8,211.0,1158.1,2386.7,3755.8,660.1,129.1,1294.6,2083.8,38.0265,0.0,0.0,8190.48,4247.78,0.0,0.0,20389.94,40743.0,37.8801,0.0,0.0,8291.72,4247.78,0.0,0.0,20389.94,40743.0,37.8874,0.0,0.0,8224.33,4247.78,0.0,0.0,20389.94,40743.0,37.8898,0.0,0.0,8186.29,4247.78,0.0,0.0,20389.94,40743.0,37.8883,0.0,0.0,8161.07,4247.78,0.0,0.0,20389.94,40743.0,37.8946,0.0,0.0,8117.7,4247.78,0.0,0.0,20389.94,40743.0,37.903,0.0,0.0,8061.36,4247.78,0.0,0.0,20389.94,40743.0,37.9206,0.0,0.0,7983.28,4247.78,0.0,0.0,20389.94,40743.0,37.969,0.0,0.0,7879.82,4247.78,0.0,0.0,20389.94,40743.0,38.0186,0.0,0.0,7775.12,4247.78,0.0,0.0,20389.94,40743.0,38.0984,0.0,0.0,7664.37,4247.78,0.0,0.0,20389.94,40743.0,2.15,12.0,2.18,2.14,107000.0,20.04,19.65999999999999
2019-12-14 06:00:00-06:00,9679.73,1539.05,3683.11,926.26,12490.68,5762.02,2682.32,38189.51,1426.33,0.0,42.0,45.0,0.0,45.0,45.0,10.0,3.0,44401.2,3824.7,260.18,1451.32,2387.7,4099.2,138.3,1083.5,2610.1,3831.9,238.5,1359.8,2360.6,3958.9,823.3,148.8,1272.2,2244.3,18.091,0.0,0.0,9164.18,4177.07,0.0,0.0,20977.15,42232.47,17.9627,0.0,0.0,9264.26,4177.07,0.0,0.0,20977.15,42232.47,18.1265,0.0,0.0,9085.61,4177.07,0.0,0.0,20977.15,42232.47,19.9448,0.0,0.0,8944.72,4177.07,0.0,0.0,20977.15,42232.47,20.0041,0.0,0.0,8822.09,4177.07,0.0,0.0,20977.15,42232.47,20.0663,0.0,0.0,8702.13,4177.07,0.0,0.0,20977.15,42232.47,20.1329,0.0,0.0,8577.86,4177.07,0.0,0.0,20977.15,42232.47,20.2395,0.0,0.0,8454.58,4177.07,0.0,0.0,20977.15,42232.47,20.367,0.0,0.0,8326.35,4177.07,0.0,0.0,20977.15,42232.47,20.5348,0.0,0.0,8206.56,4177.07,0.0,0.0,20977.15,42232.47,20.7417,0.0,0.0,8090.76,4177.07,0.0,0.0,20977.15,42232.47,2.15,12.0,2.18,2.14,107000.0,23.00,18.19999999999999
2019-12-14 07:00:00-06:00,9989.91,1618.38,3733.02,954.58,13179.29,6151.59,2792.23,39906.68,1487.67,0.0,45.0,48.0,0.0,48.0,48.0,20.0,3.0,45060.4,3898.8,375.77,1767.47,2422.23,4565.47,240.7,1102.6,2883.5,4226.8,364.9,1719.2,2445.6,4529.7,1099.5,264.6,1320.9,2685.0,19.4075,0.0,0.0,7671.16,4198.18,0.0,0.0,20685.57,43252.06,19.4385,0.0,0.0,7705.05,4198.18,0.0,0.0,20685.57,43252.06,19.649,0.0,0.0,7560.16,4198.18,0.0,0.0,20685.57,43252.06,19.8302,0.0,0.0,7456.77,4198.18,0.0,0.0,20685.57,43252.06,19.9904,0.0,0.0,7371.09,4198.18,0.0,0.0,20685.57,43252.06,21.6125,0.0,0.0,7276.52,4198.18,0.0,0.0,20685.57,43252.06,21.6967,0.0,0.0,7188.51,4198.18,0.0,0.0,20685.57,43252.06,21.8061,0.0,0.0,7110.4,4198.18,0.0,0.0,20685.57,43252.06,21.8536,0.0001,0.0,7039.21,4198.18,0.0,0.0,20685.57,43252.06,21.9479,0.0001,0.0,6978.79,4198.18,0.0,0.0,20685.57,43252.06,22.0442,0.0002,0.0,6926.58,4198.18,0.0,0.0,20685.57,43252.06,2.15,12.0,2.18,2.14,107000.0,26.79,18.354999999999993
2019-12-14 08:00:00-06:00,10251.55,1639.05,3712.56,983.7,13314.7,6278.94,2854.94,40520.29,1484.87,0.0,49.0,56.0,0.0,56.0,56.0,0.0,5.0,46466.1,3901.0,417.3,1473.47,2533.85,4424.62,327.3,1105.1,2738.8,4171.2,417.2,1474.6,2571.1,4462.9,943.0,309.4,1480.3,2732.7,20.3856,0.0,0.0,7712.59,4147.5,0.0,0.0,20661.01,44488.22,19.8868,0.0,0.0,7803.47,4147.5,0.0,0.0,20661.01,44488.22,19.9307,0.0,0.0,7753.3,4147.5,0.0,0.0,20661.01,44488.22,19.9303,0.0,0.0,7749.43,4147.5,0.0,0.0,20661.01,44488.22,19.9285,0.0,0.0,7764.08,4147.5,0.0,0.0,20661.01,44488.22,19.9259,0.0,0.0,7789.17,4147.5,0.0,0.0,20661.01,44488.22,19.9229,0.0,0.0,7818.99,4147.5,0.0,0.0,20661.01,44488.22,19.8475,0.0,0.0,7852.55,4147.5,0.0,0.0,20661.01,44488.22,19.7679,0.0,0.0,7877.15,4147.5,0.0,0.0,20661.01,44488.22,19.6967,0.0,0.0,7898.35,4147.5,0.0,0.0,20661.01,44488.22,19.6605,0.0,0.0,7924.89,4147.5,0.0,0.0,20661.01,44488.22,2.15,12.0,2.18,2.14,107000.0,30.99,20.01749999999999
2019-12-14 09:00:00-06:00,10385.53,1556.84,3640.94,1035.86,12805.56,6049.95,2844.73,39694.58,1375.17,19.0,48.0,62.0,0.0,62.0,62.0,70.0,6.0,46987.8,3902.0,283.31,940.56,1920.08,3143.95,352.2,1170.7,2382.3,3905.2,295.7,898.9,1939.9,3134.5,502.6,196.9,1051.6,1751.1,19.1985,0.0,0.0,8132.44,4175.89,0.0,0.0,20617.89,44773.4,19.0512,0.0,0.0,8280.42,4175.89,0.0,0.0,20617.89,44773.4,19.0503,0.0,0.0,8322.55,4175.89,0.0,0.0,20617.89,44773.4,19.0487,0.0,0.0,8356.31,4175.89,0.0,0.0,20617.89,44773.4,19.0419,0.0,0.0,8421.9,4175.89,0.0,0.0,20617.89,44773.4,19.0334,0.0,0.0,8506.89,4175.89,0.0,0.0,20617.89,44773.4,19.0104,0.0,0.0,8600.79,4175.89,0.0,0.0,20617.89,44773.4,18.9503,0.0,0.0,8711.06,4175.89,0.0,0.0,20617.89,44773.4,18.7198,0.0,0.0,8843.46,4175.89,0.0,0.0,20617.89,44773.4,18.583,0.0,0.0,8975.18,4175.89,0.0,0.0,20617.89,44773.4,18.4811,0.0,0.0,9086.26,4175.89,0.0,0.0,20617.89,44773.4,2.15,12.0,2.18,2.14,107000.0,26.45,19.532499999999995
2019-12-14 11:00:00-06:00,10352.89,1378.16,3564.41,909.7,11718.31,5623.91,2862.87,37657.87,1247.63,0.0,45.0,68.0,0.0,69.0,69.0,100.0,8.0,45326.4,3806.7,189.4,1060.83,3192.31,4442.54,144.4,710.4,2298.8,3153.6,197.6,943.3,3107.5,4248.4,514.9,115.4,1899.8,2530.1,17.8652,0.0,0.0,9768.8,4215.13,0.0,0.0,20294.39,44192.01,18.1042,0.0,0.0,9500.76,4215.13,0.0,0.0,20019.39,43653.91,18.0938,0.0,0.0,9553.33,4215.13,0.0,0.0,20019.39,43653.91,18.0944,0.0,0.0,9601.71,4215.13,0.0,0.0,20019.39,43653.91,18.091,0.0,0.0,9659.9,4215.13,0.0,0.0,20019.39,43653.91,18.085,0.0,0.0,9725.01,4215.13,0.0,0.0,20019.39,43653.91,18.0795,0.0,0.0,9797.25,4215.13,0.0,0.0,20019.39,43653.91,18.0778,0.0,0.0,9863.89,4215.13,0.0,0.0,20019.39,43653.91,18.0722,0.0,0.0,9936.7,4215.13,0.0,0.0,20019.39,43653.91,18.0557,0.0,0.0,10023.96,4215.13,0.0,0.0,20019.39,43653.91,18.0179,0.0,0.0,10114.01,4215.13,0.0,0.0,20019.39,43653.91,2.15,12.0,2.18,2.14,107000.0,22.33,18.124999999999993
2019-12-14 12:00:00-06:00,10328.17,1310.72,3638.46,854.88,11259.77,5514.39,2948.81,37006.58,1151.37,0.0,45.0,70.0,0.0,72.0,72.0,110.0,7.0,45876.6,3775.1,136.94,1794.45,3773.03,5704.42,204.0,1045.3,2929.3,4178.6,136.0,1719.4,3636.0,5491.4,1073.8,74.4,2349.3,3497.5,17.1039,0.0,0.0,11304.61,4197.17,0.0,0.0,20091.12,44560.33,17.0845,0.0,0.0,11329.83,4197.17,0.0,0.0,20091.12,44560.33,17.0459,0.0,0.0,11453.57,4197.17,0.0,0.0,20091.12,44560.33,17.0225,0.0,0.0,11487.1,4197.17,0.0,0.0,20091.12,44560.33,17.0074,0.0,0.0,11519.6,4197.17,0.0,0.0,20091.12,44560.33,16.9954,0.0,0.0,11537.46,4197.17,0.0,0.0,20091.12,44560.33,16.9846,0.0,0.0,11553.86,4197.17,0.0,0.0,20091.12,44560.33,16.9778,0.0,0.0,11564.41,4197.17,0.0,0.0,20091.12,44560.33,16.9718,0.0,0.0,11573.61,4197.17,0.0,0.0,20091.12,44560.33,16.9612,0.0,0.0,11589.99,4197.17,0.0,0.0,20091.12,44560.33,16.9449,0.0,0.0,11615.01,4197.17,0.0,0.0,20091.12,44560.33,2.15,12.0,2.18,2.14,107000.0,25.92,17.324999999999992
2019-12-14 13:00:00-06:00,10356.6,1275.83,3762.98,893.68,10839.19,5481.73,3078.1,36719.88,1031.77,0.0,45.0,72.0,0.0,74.0,74.0,130.0,6.0,44984.9,3775.1,140.91,2251.49,4609.66,7002.06,155.9,1525.1,3251.4,4932.4,143.7,2179.5,4365.0,6688.2,1379.3,80.2,2962.1,4421.6,16.7998,0.0,0.0,11670.71,4186.14,0.0,0.0,19652.48,45145.47,16.9261,0.0,0.0,11447.87,4186.14,0.0,0.0,19153.48,44435.47,16.8426,0.0,0.0,11485.52,4186.14,0.0,0.0,19153.48,44435.47,16.8317,0.0,0.0,11495.49,4186.14,0.0,0.0,19153.48,44435.47,16.8268,0.0,0.0,11509.69,4186.14,0.0,0.0,19153.48,44435.47,16.825,0.0,0.0,11514.98,4186.14,0.0,0.0,19153.48,44435.47,16.8246,0.0,0.0,11516.17,4186.14,0.0,0.0,19153.48,44435.47,16.8227,0.0,0.0,11521.83,4186.14,0.0,0.0,19153.48,44435.47,16.8141,0.0,0.0,11546.96,4186.14,0.0,0.0,19153.48,44435.47,16.8013,0.0,0.0,11584.34,4186.14,0.0,0.0,19153.48,44435.47,16.7885,0.0,0.0,11621.86,4186.14,0.0,0.0,19153.48,44435.47,2.15,12.0,2.18,2.14,107000.0,20.86,16.659999999999993
2019-12-14 15:00:00-06:00,10399.54,1242.21,3719.0,864.12,10447.4,5633.76,3245.31,36615.06,1063.72,0.0,45.0,70.0,0.0,72.0,72.0,130.0,14.0,46545.1,3520.1,93.76,2792.91,4073.47,6960.14,165.1,2656.2,4034.5,6855.8,95.5,2780.5,3992.5,6868.5,1860.4,50.2,2479.0,4389.6,17.3061,0.0,0.0,10964.38,4264.95,0.0,0.0,18610.92,44251.42,16.8475,0.0,0.0,11142.9,4264.95,0.0,0.0,18610.92,44251.42,16.8274,0.0,0.0,11213.3,4264.95,0.0,0.0,18610.92,44251.42,16.7977,0.0,0.0,11218.29,4264.95,0.0,0.0,18610.92,44251.42,16.7889,0.0,0.0,11218.78,4264.95,0.0,0.0,18610.92,44251.42,16.7803,0.0,0.0,11219.17,4264.95,0.0,0.0,18610.92,44251.42,16.7725,0.0,0.0,11216.97,4264.95,0.0,0.0,18610.92,44251.42,16.763,0.0,0.0,11219.48,4264.95,0.0,0.0,18610.92,44251.42,16.7487,0.0,0.0,11236.24,4264.95,0.0,0.0,18610.92,44251.42,16.7339,0.0,0.0,11254.55,4264.95,0.0,0.0,18610.92,44251.42,16.7038,0.0,0.0,11270.33,4264.95,0.0,0.0,18610.92,44251.42,2.15,12.0,2.18,2.14,107000.0,17.38,16.78249999999999
2019-12-14 16:00:00-06:00,10370.68,1243.57,3708.92,846.56,10551.97,5756.83,3262.52,36865.59,1124.54,0.0,47.0,68.0,0.0,69.0,69.0,130.0,14.0,46103.5,3510.2,123.82,2991.42,3365.65,6480.89,131.3,2901.1,3998.9,7031.3,108.5,3051.9,3415.9,6576.3,2118.4,55.0,2168.5,4341.9,17.0172,0.0,0.0,10762.35,4218.07,0.0,0.0,18727.72,43913.56,16.8611,0.0,0.0,10865.53,4218.07,0.0,0.0,18727.72,43913.56,16.872,0.0,0.0,10826.3,4218.07,0.0,0.0,18727.72,43913.56,16.88,0.0,0.0,10789.43,4218.07,0.0,0.0,18727.72,43913.56,16.8725,0.0,0.0,10775.59,4218.07,0.0,0.0,18727.72,43913.56,16.8575,0.0,0.0,10776.11,4218.07,0.0,0.0,18727.72,43913.56,16.8512,0.0,0.0,10768.88,4218.07,0.0,0.0,18727.72,43913.56,16.8524,0.0,0.0,10740.56,4218.07,0.0,0.0,18727.72,43913.56,16.8518,0.0,0.0,10717.4,4218.07,0.0,0.0,18727.72,43913.56,16.8515,0.0,0.0,10693.27,4218.07,0.0,0.0,18727.72,43913.56,16.8554,0.0,0.0,10672.07,4218.07,0.0,0.0,18727.72,43913.56,2.15,12.0,2.18,2.14,107000.0,17.02,16.89999999999999
2019-12-14 17:00:00-06:00,10583.54,1310.63,3657.81,888.11,11115.52,5913.36,3211.53,37930.76,1250.26,0.0,47.0,63.0,0.0,63.0,63.0,120.0,10.0,45516.5,3511.3,261.44,3335.98,3375.26,6972.68,155.3,3289.2,3759.7,7204.2,243.8,3268.3,3240.4,6752.5,2337.8,148.7,2060.4,4546.9,18.5065,0.0,0.0,8884.62,4269.22,0.0,0.0,18721.29,42304.97,18.192,0.0,0.0,9001.52,4269.22,0.0,0.0,18721.29,42304.97,18.3166,0.0,0.0,8890.32,4269.22,0.0,0.0,18721.29,42304.97,18.4137,0.0,0.0,8761.22,4269.22,0.0,0.0,18721.29,42304.97,18.5419,0.0,0.0,8600.63,4269.22,0.0,0.0,18721.29,42304.97,18.8829,0.0,0.0,8409.45,4269.22,0.0,0.0,18721.29,42304.97,19.2316,0.0,0.0,8207.29,4269.22,0.0,0.0,18721.29,42304.97,19.7614,0.0,0.0,8004.41,4269.22,0.0,0.0,18721.29,42304.97,20.9265,0.0,0.0,7803.46,4269.22,0.0,0.0,18721.29,42304.97,22.6624,0.0,0.0,7602.18,4269.22,0.0,0.0,18721.29,42304.97,22.6634,0.0,0.0,7440.29,4269.22,0.0,0.0,18721.29,42304.97,2.15,12.0,2.18,2.14,107000.0,20.88,18.487499999999994
2019-12-14 18:00:00-06:00,10824.49,1361.03,3689.14,933.6,11679.26,6115.65,3257.98,39162.96,1301.82,0.0,50.0,60.0,0.0,60.0,60.0,130.0,8.0,47082.1,3789.5,497.54,4006.88,4742.52,9246.94,331.0,3637.8,4951.3,8920.1,500.3,4033.9,4789.3,9323.5,3085.6,341.1,3377.1,6803.8,18.5317,0.0,0.0,8542.06,4284.26,0.0,0.0,18792.53,44001.08,18.5701,0.0,0.0,8448.09,4284.26,0.0,0.0,18792.53,44001.08,18.6567,0.0,0.0,8405.49,4284.26,0.0,0.0,18792.53,44001.08,18.6932,0.0,0.0,8391.99,4284.26,0.0,0.0,18792.53,44001.08,18.7242,0.0,0.0,8381.21,4284.26,0.0,0.0,18792.53,44001.08,18.7602,0.0,0.0,8368.23,4284.26,0.0,0.0,18792.53,44001.08,18.7648,0.0,0.0,8370.11,4284.26,0.0,0.0,18792.53,44001.08,18.7379,0.0,0.0,8386.86,4284.26,0.0,0.0,18792.53,44001.08,18.6988,0.0,0.0,8409.66,4284.26,0.0,0.0,18792.53,44001.08,18.6582,0.0,0.0,8433.16,4284.26,0.0,0.0,18792.53,44001.08,18.6238,0.0,0.0,8453.85,4284.26,0.0,0.0,18792.53,44001.08,2.15,12.0,2.18,2.14,107000.0,19.24,19.024999999999995
2019-12-14 19:00:00-06:00,10691.06,1347.15,3657.79,926.8,11566.72,5977.88,3204.7,38674.54,1302.44,0.0,53.0,59.0,0.0,59.0,59.0,130.0,7.0,48022.4,3798.9,588.98,4443.06,6205.2,11237.24,594.1,3912.6,6002.7,10509.4,592.8,4494.5,6525.7,11613.0,3572.4,445.2,4780.4,8798.0,16.4018,0.0,0.0,11429.25,4293.11,0.0,0.0,18836.18,46728.82,16.5425,0.0,0.0,11226.39,4349.1,0.0,0.0,18648.68,46379.82,16.457,0.0,0.0,11269.15,4349.1,0.0,0.0,18648.68,46379.82,16.5193,0.0,0.0,11287.37,4349.1,0.0,0.0,18648.68,46379.82,16.5726,0.0,0.0,11317.23,4349.1,0.0,0.0,18648.68,46379.82,16.5931,0.0,0.0,11363.96,4349.1,0.0,0.0,18648.68,46379.82,16.5856,0.0,0.0,11411.51,4349.1,0.0,0.0,18648.68,46379.82,16.5857,0.0,0.0,11451.74,4349.1,0.0,0.0,18648.68,46379.82,16.5768,0.0,0.0,11500.7,4349.1,0.0,0.0,18648.68,46379.82,16.5341,0.0,0.0,11559.18,4349.1,0.0,0.0,18648.68,46379.82,16.49,0.0,0.0,11601.81,4349.1,0.0,0.0,18648.68,46379.82,2.15,12.0,2.18,2.14,107000.0,16.85,16.9075
2019-12-14 20:00:00-06:00,10585.6,1350.86,3622.99,922.92,11506.99,5822.58,3091.84,38222.37,1318.59,0.0,55.0,59.0,0.0,59.0,59.0,120.0,6.0,49724.8,3784.9,644.93,4603.22,7394.55,12642.7,740.3,4735.8,8078.1,13554.2,647.6,4697.0,7583.5,12928.1,3767.6,510.1,5537.1,9814.8,15.0554,0.0,0.0,12962.43,4485.26,0.0,0.0,18481.97,47860.71,15.5805,0.0,0.0,12569.69,4485.26,0.0,0.0,18138.97,47332.71,15.5348,0.0,0.0,12624.35,4485.26,0.0,0.0,18138.97,47332.71,15.5035,0.0,0.0,12663.8,4485.26,0.0,0.0,18138.97,47332.71,15.4652,0.0,0.0,12707.54,4485.26,0.0,0.0,18138.97,47332.71,15.4094,0.0,0.0,12757.44,4485.26,0.0,0.0,18138.97,47332.71,15.3603,0.0,0.0,12800.54,4485.26,0.0,0.0,18138.97,47332.71,15.3178,0.0,0.0,12837.77,4485.26,0.0,0.0,18138.97,47332.71,15.29,0.0,0.0,12887.5,4485.26,0.0,0.0,18138.97,47332.71,15.2672,0.0,0.0,12934.71,4485.26,0.0,0.0,18138.97,47332.71,15.2528,0.0,0.0,12974.8,4485.26,0.0,0.0,18138.97,47332.71,2.15,12.0,2.18,2.14,107000.0,16.31,14.892499999999998
2019-12-14 21:00:00-06:00,10446.99,1337.82,3683.86,914.06,11446.58,5659.08,2970.78,37694.51,1235.33,75.0,57.0,61.0,0.0,61.0,61.0,140.0,8.0,49971.3,3775.5,647.62,4601.86,8223.46,13472.94,695.4,5036.1,9138.8,14870.3,647.9,4653.1,8584.9,13885.9,3639.0,516.9,6521.7,10677.6,15.1543,0.0,0.0,12728.44,4491.13,0.0,0.0,17643.05,47365.21,15.2582,0.0,0.0,12688.93,4491.13,0.0,0.0,17463.05,46890.21,15.1795,0.0,0.0,12766.91,4491.13,0.0,0.0,17463.05,46890.21,15.1172,0.0,0.0,12840.75,4491.13,0.0,0.0,17463.05,46890.21,14.9936,0.0,0.0,12910.71,4491.13,0.0,0.0,17463.05,46890.21,14.9506,0.0,0.0,12988.73,4491.13,0.0,0.0,17463.05,46890.21,14.902,0.0,0.0,13064.46,4491.13,0.0,0.0,17463.05,46890.21,14.8521,0.0,0.0,13141.48,4491.13,0.0,0.0,17463.05,46890.21,14.8015,0.0,0.0,13219.29,4491.13,0.0,0.0,17463.05,46890.21,14.747,0.0,0.0,13305.58,4491.13,0.0,0.0,17463.05,46890.21,14.6815,0.0,0.0,13404.87,4491.13,0.0,0.0,17463.05,46890.21,2.15,12.0,2.18,2.14,107000.0,15.40,14.670000000000002
2019-12-14 22:00:00-06:00,10180.23,1283.4,3683.26,883.0,11119.9,5428.06,2844.27,36580.49,1158.38,100.0,59.0,63.0,0.0,63.0,63.0,120.0,5.0,45603.0,3931.7,649.72,4566.35,8947.92,14163.99,665.2,4913.9,9335.7,14914.8,645.9,4648.8,9400.5,14695.2,3640.5,507.8,7446.8,11595.1,14.519,0.0,0.0,13611.74,4496.22,0.0,0.0,17437.79,47434.05,14.6583,0.0,0.0,13575.63,4496.22,0.0,0.0,17287.9,47076.65,14.5037,0.0,0.0,13695.11,4496.22,0.0,0.0,17287.9,47076.65,14.3635,0.0,0.0,13813.47,4496.22,0.0,0.0,17287.9,47076.65,14.2354,0.0,0.0,13931.49,4496.22,0.0,0.0,17287.9,47076.65,14.095,0.0,0.0,14050.71,4496.22,0.0,0.0,17287.9,47076.65,13.9426,0.0,0.0,14173.96,4496.22,0.0,0.0,17287.9,47076.65,13.7843,0.0,0.0,14300.71,4496.22,0.0,0.0,17287.9,47076.65,13.6249,0.0,0.0,14419.14,4496.22,0.0,0.0,17287.9,47076.65,13.5548,0.0,0.0,14527.46,4496.22,0.0,0.0,17287.9,47076.65,13.3244,0.0,0.0,14641.31,4496.22,0.0,0.0,17287.9,47076.65,2.15,12.0,2.18,2.14,107000.0,14.59,14.7975
2019-12-14 23:00:00-06:00,9839.14,1227.72,3690.98,851.91,10665.58,5127.62,2709.66,35213.57,1100.95,100.0,60.0,63.0,0.0,63.0,63.0,0.0,0.0,44716.7,3929.7,637.75,4456.65,9044.52,14138.92,663.5,4635.7,8686.1,13985.3,655.2,4520.9,9491.8,14667.9,3476.4,521.3,7550.9,11548.6,16.3131,0.0,0.0,11466.2,4492.61,0.0,0.0,15302.87,43526.97,16.3104,0.0,0.0,11506.29,4492.61,0.0,0.0,15302.87,43526.97,16.2452,0.0,0.0,11645.03,4492.61,0.0,0.0,15302.87,43526.97,16.1981,0.0,0.0,11779.41,4492.61,0.0,0.0,15302.87,43526.97,16.1508,0.0,0.0,11913.84,4492.61,0.0,0.0,15302.87,43526.97,16.0726,0.0,0.0,12043.94,4492.61,0.0,0.0,15302.87,43526.97,15.6276,0.0,0.0,12173.3,4492.61,0.0,0.0,15302.87,43526.97,15.1421,0.0,0.0,12308.59,4492.61,0.0,0.0,15302.87,43526.97,14.6678,0.0,0.0,12446.31,4492.61,0.0,0.0,15302.87,43526.97,14.4318,0.0,0.0,12573.75,4492.61,0.0,0.0,15302.87,43526.97,14.2839,0.0,0.0,12688.24,4492.61,0.0,0.0,15302.87,43526.97,2.15,12.0,2.18,2.14,107000.0,12.68,16.542500000000004
2019-12-15 00:00:00-06:00,9498.9,1174.85,3690.92,741.33,10258.0,4862.74,2582.45,33863.34,1054.15,75.0,65.0,70.0,0.0,68.0,68.0,160.0,6.0,43859.0,3956.4,595.3,4398.8,9014.05,14008.15,661.2,4476.3,8863.1,14000.6,598.7,4470.8,9325.4,14394.9,3466.8,458.0,7229.6,11154.4,14.7691,0.0,0.0,12518.59,4489.94,0.0,0.0,15324.08,43182.66,14.7666,0.0,0.0,12557.57,4489.94,0.0,0.0,15324.08,43182.66,14.6095,0.0,0.0,12673.45,4489.94,0.0,0.0,15324.08,43182.66,14.4623,0.0,0.0,12776.85,4489.94,0.0,0.0,15324.08,43182.66,14.339,0.0,0.0,12869.74,4489.94,0.0,0.0,15324.08,43182.66,14.2312,0.0,0.0,12961.77,4489.94,0.0,0.0,15324.08,43182.66,14.1108,0.0,0.0,13057.59,4489.94,0.0,0.0,15324.08,43182.66,13.9382,0.0,0.0,13150.08,4489.94,0.0,0.0,15324.08,43182.66,13.7731,0.0,0.0,13231.33,4489.94,0.0,0.0,15324.08,43182.66,13.615,0.0,0.0,13310.89,4489.94,0.0,0.0,15324.08,43182.66,13.558,0.0,0.0,13395.09,4489.94,0.0,0.0,15324.08,43182.66,2.12,4.0,2.12,2.12,40000.0,12.76,14.935000000000004
2019-12-15 01:00:00-06:00,9221.47,1150.14,3670.5,683.79,10045.26,4693.2,2502.07,33029.94,1063.51,75.0,66.0,72.0,0.0,69.0,69.0,180.0,11.0,43068.3,3970.5,631.56,4388.58,8892.63,13912.77,657.4,4359.2,8455.1,13471.7,617.3,4442.6,8992.1,14052.0,3479.1,470.7,6853.9,10803.7,13.7482,0.0,0.0,12333.43,4489.54,0.0,0.0,14937.75,41940.13,13.8296,0.0,0.0,12299.29,4489.54,0.0,0.0,14937.75,41940.13,13.7092,0.0,0.0,12367.24,4489.54,0.0,0.0,14937.75,41940.13,13.5829,0.0,0.0,12430.3,4489.54,0.0,0.0,14937.75,41940.13,13.5629,0.0,0.0,12489.89,4489.54,0.0,0.0,14937.75,41940.13,13.4426,0.0,0.0,12550.83,4489.54,0.0,0.0,14937.75,41940.13,13.3362,0.0,0.0,12612.08,4489.54,0.0,0.0,14937.75,41940.13,13.2341,0.0,0.0,12667.61,4489.54,0.0,0.0,14937.75,41940.13,13.1479,0.0,0.0,12714.44,4489.54,0.0,0.0,14937.75,41940.13,13.0646,0.0,0.0,12759.89,4489.54,0.0,0.0,14937.75,41940.13,12.9834,0.0,0.0,12804.56,4489.54,0.0,0.0,14937.75,41940.13,2.12,4.0,2.12,2.12,40000.0,10.15,13.450000000000003
2019-12-15 03:00:00-06:00,8947.54,1106.62,3595.01,668.91,9856.76,4577.64,2397.84,32280.48,1130.16,75.0,66.0,72.0,0.0,70.0,70.0,170.0,8.0,43257.6,3939.2,638.81,4307.64,8100.37,13046.82,579.4,4473.9,8276.9,13330.2,635.4,4335.9,8171.1,13142.4,3390.4,497.9,6335.9,10224.2,13.1939,0.0,0.0,12828.75,4481.11,0.0,0.0,14748.95,41403.84,13.0325,0.0,0.0,12909.52,4481.11,0.0,0.0,14748.95,41403.84,13.0059,0.0,0.0,12919.25,4481.11,0.0,0.0,14748.95,41403.84,12.9795,0.0,0.0,12932.52,4481.11,0.0,0.0,14748.95,41403.84,12.9648,0.0,0.0,12941.5,4481.11,0.0,0.0,14748.95,41403.84,12.9651,0.0,0.0,12941.31,4481.11,0.0,0.0,14748.95,41403.84,12.9799,0.0,0.0,12932.31,4481.11,0.0,0.0,14748.95,41403.84,12.9983,0.0,0.0,12922.16,4481.11,0.0,0.0,14748.95,41403.84,13.0009,0.0,0.0,12920.74,4481.11,0.0,0.0,14748.95,41403.84,12.998,0.0,0.0,12922.34,4481.11,0.0,0.0,14748.95,41403.84,13.0064,0.0,0.0,12917.74,4481.11,0.0,0.0,14748.95,41403.84,2.12,4.0,2.12,2.12,40000.0,8.64,12.929999999999996
2019-12-15 06:00:00-06:00,9077.42,1159.0,3588.42,880.21,10350.96,5014.88,2434.45,33810.16,1304.82,75.0,66.0,72.0,0.0,70.0,70.0,170.0,10.0,45413.1,3912.0,692.93,4467.74,7164.99,12325.66,568.3,4357.0,7601.2,12526.5,701.9,4520.9,7214.1,12436.9,3511.7,527.9,5445.2,9484.8,12.6157,0.0,0.0,12978.53,4304.28,0.0,0.0,16326.12,42851.57,12.3133,0.0,0.0,13086.69,4304.28,0.0,0.0,16326.12,42851.57,12.3967,0.0,0.0,13020.64,4304.28,0.0,0.0,16326.12,42851.57,12.6956,0.0,0.0,12927.54,4304.28,0.0,0.0,16326.12,42851.57,12.9425,0.0,0.0,12844.38,4304.28,0.0,0.0,16326.12,42851.57,13.0916,0.0,0.0,12771.01,4304.28,0.0,0.0,16326.12,42851.57,13.1727,0.0,0.0,12702.03,4304.28,0.0,0.0,16326.12,42851.57,13.2665,0.0,0.0,12626.35,4304.28,0.0,0.0,16326.12,42851.57,13.3736,0.0,0.0,12539.91,4304.28,0.0,0.0,16326.12,42851.57,13.4845,0.0,0.0,12445.3,4304.28,0.0,0.0,16326.12,42851.57,13.5726,0.0,0.0,12343.7,4304.28,0.0,0.0,16326.12,42851.57,2.12,4.0,2.12,2.12,40000.0,15.31,12.684999999999999
2019-12-15 08:00:00-06:00,9593.04,1246.88,3593.79,965.16,11078.97,5559.1,2583.85,35988.25,1367.48,50.0,67.0,73.0,0.0,72.0,72.0,170.0,9.0,47188.1,3927.3,570.57,4169.62,6681.46,11421.65,573.0,4291.2,6750.9,11615.1,585.5,4296.2,6812.0,11693.7,3290.7,434.1,5072.6,8797.4,13.6832,0.0,0.0,12439.78,4302.5,0.0,0.0,17160.36,44372.48,13.8847,0.0,0.0,12568.73,4302.5,0.0,0.0,17160.36,44372.48,14.1634,0.0,0.0,12432.43,4302.5,0.0,0.0,17160.36,44372.48,14.2464,0.0,0.0,12314.94,4302.5,0.0,0.0,17160.36,44372.48,14.3436,0.0,0.0,12203.6,4302.5,0.0,0.0,17160.36,44372.48,14.447,0.0,0.0,12096.02,4302.5,0.0,0.0,17160.36,44372.48,14.5374,0.0,0.0,12003.52,4302.5,0.0,0.0,17160.36,44372.48,14.619,0.0,0.0,11922.27,4302.5,0.0,0.0,17160.36,44372.48,14.7377,0.0,0.0,11829.43,4302.5,0.0,0.0,17160.36,44372.48,14.9164,0.0,0.0,11702.14,4302.5,0.0,0.0,17160.36,44372.48,15.0402,0.0,0.0,11607.62,4302.5,0.0,0.0,17160.36,44372.48,2.12,4.0,2.12,2.12,40000.0,16.24,14.024999999999999
2019-12-15 10:00:00-06:00,10725.33,1265.24,3474.73,1006.7,10913.17,5654.54,2907.08,37252.39,1305.6,75.0,67.0,81.0,0.0,79.0,79.0,180.0,14.0,47360.3,3801.2,203.43,3803.54,4954.24,8961.21,342.8,3610.8,5311.1,9264.7,217.6,3821.5,4882.3,8921.4,2916.6,133.6,3361.2,6411.4,16.4392,0.0,0.0,11177.02,4268.59,0.0,0.0,17947.82,44910.96,16.4006,0.0,0.0,11244.67,4268.59,0.0,0.0,17947.82,44910.96,16.4328,0.0,0.0,11187.09,4268.59,0.0,0.0,17947.82,44910.96,16.4403,0.0,0.0,11141.27,4268.59,0.0,0.0,17947.82,44910.96,16.4453,0.0,0.0,11119.72,4268.59,0.0,0.0,17947.82,44910.96,16.447,0.0,0.0,11128.69,4268.59,0.0,0.0,17947.82,44910.96,16.4492,0.0,0.0,11133.5,4268.59,0.0,0.0,17947.82,44910.96,16.4705,0.0,0.0,11129.92,4268.59,0.0,0.0,17947.82,44910.96,16.4969,0.0,0.0,11130.43,4268.59,0.0,0.0,17947.82,44910.96,16.5397,0.0,0.0,11115.67,4268.59,0.0,0.0,17947.82,44910.96,16.5629,0.0,0.0,11119.12,4268.59,0.0,0.0,17947.82,44910.96,2.12,4.0,2.12,2.12,40000.0,17.16,16.519999999999996
2019-12-15 11:00:00-06:00,11273.91,1271.53,3446.27,999.26,10728.72,5493.58,3084.89,37607.81,1309.65,50.0,65.0,82.0,0.0,81.0,81.0,190.0,15.0,46776.6,3801.2,133.88,3973.35,6189.87,10297.1,227.8,3426.0,4615.7,8269.5,134.2,3985.5,5914.8,10034.5,3005.7,70.0,4101.3,7177.0,16.6249,0.0,0.0,11057.8,4254.35,0.0,0.0,18066.47,44907.27,16.6256,0.0,0.0,11092.02,4254.35,0.0,0.0,18066.47,44907.27,16.6312,0.0,0.0,11071.76,4254.35,0.0,0.0,18066.47,44907.27,16.6693,0.0,0.0,11050.31,4254.35,0.0,0.0,18066.47,44907.27,16.7016,0.0,0.0,11033.29,4254.35,0.0,0.0,18066.47,44907.27,16.7337,0.0,0.0,11016.9,4254.35,0.0,0.0,18066.47,44907.27,16.7511,0.0,0.0,10991.74,4254.35,0.0,0.0,18066.47,44907.27,16.7701,0.0,0.0,10962.21,4254.35,0.0,0.0,18066.47,44907.27,16.7887,0.0,0.0,10933.61,4254.35,0.0,0.0,18066.47,44907.27,16.8083,0.0,0.0,10902.19,4254.35,0.0,0.0,18066.47,44907.27,16.8207,0.0,0.0,10866.59,4254.35,0.0,0.0,18066.47,44907.27,2.12,4.0,2.12,2.12,40000.0,19.51,16.715
2019-12-15 13:00:00-06:00,11875.59,1330.41,3469.83,979.83,10617.16,5568.43,3372.58,38509.53,1295.69,75.0,64.0,84.0,0.0,82.0,82.0,210.0,14.0,48619.9,3789.3,124.29,3641.2,7917.17,11682.66,113.7,3738.1,6179.0,10030.8,126.7,3678.6,8088.0,11893.3,2796.9,73.6,5846.8,8717.3,14.9082,0.0,0.0,12846.72,4216.91,0.0,0.0,18207.68,47828.17,14.8129,0.0,0.0,12889.46,4216.91,0.0,0.0,18207.68,47828.17,14.8501,0.0,0.0,12849.87,4216.91,0.0,0.0,18207.68,47828.17,14.8749,0.0,0.0,12820.33,4216.91,0.0,0.0,18207.68,47828.17,14.9302,0.0,0.0,12754.27,4216.91,0.0,0.0,18207.68,47828.17,14.9838,0.0,0.0,12692.68,4216.91,0.0,0.0,18207.68,47828.17,15.0322,0.0,0.0,12638.82,4216.91,0.0,0.0,18207.68,47828.17,15.0769,0.0,0.0,12589.08,4216.91,0.0,0.0,18207.68,47828.17,15.1068,0.0,0.0,12556.45,4216.91,0.0,0.0,18207.68,47828.17,15.1402,0.0,0.0,12525.38,4216.91,0.0,0.0,18207.68,47828.17,15.1744,0.0,0.0,12493.91,4216.91,0.0,0.0,18207.68,47828.17,2.12,4.0,2.12,2.12,40000.0,19.23,14.857499999999991
2019-12-15 14:00:00-06:00,12028.45,1356.31,3468.7,889.98,10631.94,5679.95,3487.79,38869.23,1326.12,50.0,64.0,86.0,0.0,84.0,84.0,180.0,15.0,49304.1,3528.2,161.31,3689.73,7804.77,11655.81,114.9,3719.0,7167.9,11001.8,152.1,3718.7,7790.5,11661.3,2816.4,94.4,5767.2,8678.0,16.4257,0.0,0.0,11882.09,4210.25,0.0,0.0,18210.14,47125.16,16.3706,0.0,0.0,11887.98,4210.25,0.0,0.0,18210.14,47125.16,16.583,0.0,0.0,11811.43,4210.25,0.0,0.0,18210.14,47125.16,16.7285,0.0,0.0,11735.71,4210.25,0.0,0.0,18210.14,47125.16,16.7415,0.0,0.0,11689.11,4210.25,0.0,0.0,18210.14,47125.16,16.7462,0.0,0.0,11654.21,4210.25,0.0,0.0,18210.14,47125.16,16.7502,0.0,0.0,11621.1,4210.25,0.0,0.0,18210.14,47125.16,16.7523,0.0,0.0,11602.75,4210.25,0.0,0.0,18210.14,47125.16,16.753,0.0,0.0,11596.95,4210.25,0.0,0.0,18210.14,47125.16,16.7534,0.0,0.0,11594.27,4210.25,0.0,0.0,18210.14,47125.16,16.7544,0.0,0.0,11585.55,4210.25,0.0,0.0,18210.14,47125.16,2.12,4.0,2.12,2.12,40000.0,19.23,15.80249999999999
2019-12-15 17:00:00-06:00,12212.97,1429.74,3454.98,881.02,11287.22,6263.66,3484.95,40533.89,1519.34,75.0,66.0,79.0,0.0,77.0,77.0,170.0,9.0,49771.4,3528.5,480.27,4629.56,8379.1,13488.93,387.2,4217.7,8335.9,12940.8,429.7,4650.9,8486.6,13567.2,3654.0,296.2,6267.9,10218.1,16.2998,0.0,0.0,11691.69,4221.34,0.0,0.0,18180.32,47771.41,16.2295,0.0,0.0,11694.23,4221.34,0.0,0.0,18180.32,47771.41,16.3595,0.0,0.0,11570.39,4221.34,0.0,0.0,18180.32,47771.41,16.4681,0.0,0.0,11409.87,4221.34,0.0,0.0,18180.32,47771.41,16.6016,0.0,0.0,11223.33,4221.34,0.0,0.0,18180.32,47771.41,16.7292,0.0,0.0,11009.89,4221.34,0.0,0.0,18180.32,47771.41,16.8716,0.0,0.0,10796.7,4221.34,0.0,0.0,18180.32,47771.41,16.9691,0.0,0.0,10579.41,4221.34,0.0,0.0,18180.32,47771.41,17.1124,0.0,0.0,10375.55,4221.34,0.0,0.0,18180.32,47771.41,17.328,0.0,0.0,10190.59,4221.34,0.0,0.0,18180.32,47771.41,17.4837,0.0,0.0,10050.1,4221.34,0.0,0.0,18180.32,47771.41,2.12,4.0,2.12,2.12,40000.0,21.60,15.699999999999987
2019-12-15 18:00:00-06:00,12542.89,1478.27,3550.84,956.75,11923.97,6595.29,3590.11,42176.84,1538.72,75.0,67.0,77.0,0.0,76.0,76.0,170.0,13.0,50016.2,3804.6,672.76,4910.45,8589.91,14173.12,504.6,4732.7,8143.6,13380.9,691.8,4951.8,8651.0,14294.6,3948.1,528.4,6383.8,10860.3,27.7348,0.0,0.0,9429.28,4230.39,0.0,0.0,18091.27,47885.22,27.6199,0.0,0.0,9463.45,4230.39,0.0,0.0,18091.27,47885.22,27.692,0.0,0.0,9400.57,4230.39,0.0,0.0,18091.27,47885.22,27.6884,0.0,0.0,9359.49,4230.39,0.0,0.0,18091.27,47885.22,27.6736,0.0,0.0,9331.7,4230.39,0.0,0.0,18091.27,47885.22,27.6543,0.0,0.0,9309.28,4230.39,0.0,0.0,18091.27,47885.22,27.6305,0.0,0.0,9292.15,4230.39,0.0,0.0,18091.27,47885.22,27.6028,0.0,0.0,9279.67,4230.39,0.0,0.0,18091.27,47885.22,27.5718,0.0,0.0,9271.13,4230.39,0.0,0.0,18091.27,47885.22,27.574,0.0,0.0,9261.76,4230.39,0.0,0.0,18091.27,47885.22,27.5736,0.0,0.0,9257.28,4230.39,0.0,0.0,18091.27,47885.22,2.12,4.0,2.12,2.12,40000.0,18.81,18.73749999999999
2019-12-15 19:00:00-06:00,12482.63,1465.93,3608.86,1057.61,11980.35,6567.71,3579.65,42213.73,1470.98,75.0,69.0,78.0,0.0,75.0,75.0,170.0,10.0,49392.8,3796.0,652.28,5129.92,8360.01,14142.21,670.2,4910.2,8318.1,13898.5,648.4,5192.0,8432.5,14272.9,4208.4,491.7,6087.3,10787.4,34.5809,0.0,0.0,9642.88,4242.13,0.0,0.0,18146.89,48630.32,34.4273,0.0,0.0,9774.07,4242.13,0.0,0.0,18146.89,48630.32,34.423,0.0,0.0,9797.74,4242.13,0.0,0.0,18146.89,48630.32,34.4148,0.0,0.0,9818.2,4242.13,0.0,0.0,18146.89,48630.32,34.4085,0.0,0.0,9842.24,4242.13,0.0,0.0,18146.89,48630.32,34.4066,0.0,0.0,9869.42,4242.13,0.0,0.0,18146.89,48630.32,34.4045,0.0,0.0,9897.92,4242.13,0.0,0.0,18146.89,48630.32,25.7349,0.0,0.0,9952.08,4242.13,0.0,0.0,18146.89,48630.32,25.7373,0.0,0.0,9999.77,4242.13,0.0,0.0,18146.89,48630.32,25.6733,0.0,0.0,10043.97,4242.13,0.0,0.0,18146.89,48630.32,25.6646,0.0,0.0,10079.91,4242.13,0.0,0.0,18146.89,48630.32,2.12,4.0,2.12,2.12,40000.0,17.09,19.549999999999994
2019-12-15 21:00:00-06:00,11976.06,1378.13,3637.55,971.58,11678.09,6156.86,3426.06,40568.82,1344.48,100.0,69.0,76.0,0.0,74.0,74.0,170.0,9.0,47334.4,3786.9,736.47,5285.26,7830.84,13852.57,609.4,5084.6,7237.2,12931.2,728.1,5314.3,7910.8,13953.2,4348.5,568.5,5620.7,10537.7,18.2665,0.0,0.0,10108.67,4432.27,0.0,0.0,17645.59,47855.05,18.3206,0.0,0.0,10147.3,4432.27,0.0,0.0,17645.59,47855.05,18.2387,0.0,0.0,10238.11,4432.27,0.0,0.0,17645.59,47855.05,18.219,0.0,0.0,10322.13,4432.27,0.0,0.0,17645.59,47855.05,18.2082,0.0,0.0,10419.93,4432.27,0.0,0.0,17645.59,47855.05,18.197,0.0,0.0,10527.15,4432.27,0.0,0.0,17645.59,47855.05,18.1834,0.0,0.0,10651.16,4432.27,0.0,0.0,17645.59,47855.05,16.3767,0.0,0.0,10794.92,4432.27,0.0,0.0,17645.59,47855.05,16.3444,0.0,0.0,10927.6,4432.27,0.0,0.0,17645.59,47855.05,16.3375,0.0,0.0,11071.6,4432.27,0.0,0.0,17645.59,47855.05,16.2596,0.0,0.0,11213.94,4432.27,0.0,0.0,17645.59,47855.05,2.12,4.0,2.12,2.12,40000.0,18.17,17.169999999999987
2019-12-15 22:00:00-06:00,11403.93,1269.76,3642.78,898.89,11018.22,5722.49,3264.34,38461.96,1241.55,75.0,69.0,76.0,0.0,74.0,74.0,170.0,7.0,45203.5,3900.4,692.72,5188.95,6603.66,12485.33,591.0,5025.0,6596.3,12212.3,718.1,5261.6,6636.5,12616.2,4304.2,565.5,4462.7,9332.4,26.2168,0.0,0.0,9908.37,4433.26,0.0,0.0,17056.27,45950.73,26.4915,0.0,0.0,9683.44,4433.26,0.0,0.0,16736.27,45404.73,26.2231,0.0,0.0,9884.83,4433.26,0.0,0.0,16736.27,45404.73,25.9743,0.0,0.0,10089.25,4433.26,0.0,0.0,16736.27,45404.73,25.9085,0.0,0.0,10288.91,4433.26,0.0,0.0,16736.27,45404.73,25.8307,0.0,0.0,10497.08,4433.26,0.0,0.0,16736.27,45404.73,21.0525,0.0,0.0,10700.64,4433.26,0.0,0.0,16736.27,45404.73,16.5754,0.0,0.0,10908.32,4433.26,0.0,0.0,16736.27,45404.73,16.5642,0.0,0.0,11108.77,4433.26,0.0,0.0,16736.27,45404.73,16.4883,0.0,0.0,11301.46,4433.26,0.0,0.0,16736.27,45404.73,16.369,0.0,0.0,11499.58,4433.26,0.0,0.0,16736.27,45404.73,2.12,4.0,2.12,2.12,40000.0,15.89,18.29499999999999
2019-12-15 23:00:00-06:00,10748.55,1165.75,3681.1,872.7,10261.45,5253.94,3064.11,36189.83,1142.23,75.0,69.0,76.0,0.0,74.0,74.0,170.0,11.0,44679.0,3896.5,510.68,5063.97,6296.75,11871.4,688.8,5026.5,6006.0,11721.3,515.6,5100.4,6137.9,11753.9,4173.4,394.0,3988.2,8555.6,17.4825,0.0,0.0,9601.86,4438.05,0.0,0.0,16365.59,43240.45,17.2535,0.0,0.0,9756.34,4438.05,0.0,0.0,16365.59,43240.45,16.982,0.0,0.0,9976.41,4438.05,0.0,0.0,16365.59,43240.45,16.716,0.0,0.0,10198.71,4438.05,0.0,0.0,16365.59,43240.45,16.6267,0.0,0.0,10412.0,4438.05,0.0,0.0,16365.59,43240.45,16.448,0.0,0.0,10614.33,4438.05,0.0,0.0,16365.59,43240.45,16.3388,0.0,0.0,10811.79,4438.05,0.0,0.0,16365.59,43240.45,16.2565,0.0,0.0,11005.45,4438.05,0.0,0.0,16365.59,43240.45,16.18,0.0,0.0,11196.03,4438.05,0.0,0.0,16365.59,43240.45,16.1322,0.0,0.0,11373.53,4438.05,0.0,0.0,16365.59,43240.45,16.0778,0.0,0.0,11534.66,4438.05,0.0,0.0,16365.59,43240.45,2.12,4.0,2.12,2.12,40000.0,14.84,17.507499999999993
2019-12-16 00:00:00-06:00,10203.4,1085.48,3626.61,842.88,9811.99,4853.9,2909.26,34480.38,1146.86,75.0,69.0,76.0,0.0,74.0,74.0,170.0,10.0,43091.4,3855.7,412.8,4986.2,6200.94,11599.94,640.4,4892.4,5104.3,10637.1,421.4,4947.5,6108.4,11477.3,4018.1,305.6,3981.0,8304.7,16.5804,0.0,0.0,11446.86,4451.18,0.0,0.0,16288.42,43620.18,16.3133,0.0,0.0,11558.74,4451.18,0.0,0.0,16288.42,43620.18,16.2279,0.0,0.0,11707.46,4451.18,0.0,0.0,16288.42,43620.18,15.5316,0.0,0.0,11973.42,4451.18,0.0,0.0,16288.42,43620.18,15.3046,0.0,0.0,12097.93,4451.18,0.0,0.0,16288.42,43620.18,15.1238,0.0,0.0,12218.52,4451.18,0.0,0.0,16288.42,43620.18,14.9751,0.0,0.0,12338.42,4451.18,0.0,0.0,16288.42,43620.18,14.8002,0.0,0.0,12453.02,4451.18,0.0,0.0,16288.42,43620.18,14.6136,0.0,0.0,12561.32,4451.18,0.0,0.0,16288.42,43620.18,14.3375,0.0,0.0,12666.3,4451.18,0.0,0.0,16288.42,43620.18,14.2267,0.0,0.0,12767.11,4451.18,0.0,0.0,16288.42,43620.18,2.245,22.0,2.27,2.235,139000.0,14.13,15.747499999999993
2019-12-16 02:00:00-06:00,9684.51,1031.88,3672.98,779.65,9706.22,4501.64,2684.63,33183.68,1122.18,75.0,69.0,76.0,0.0,73.0,73.0,160.0,6.0,42855.9,3851.7,343.32,4715.84,6001.91,11061.07,393.5,4458.7,5182.4,10034.6,328.6,4719.6,6000.1,11048.3,3763.3,210.4,3960.4,7934.1,14.5739,0.0,0.0,12165.71,4472.05,0.0,0.0,16374.66,42790.95,14.2892,0.0,0.0,12284.32,4472.05,0.0,0.0,16374.66,42790.95,14.1963,0.0,0.0,12350.43,4472.05,0.0,0.0,16374.66,42790.95,14.073,0.0,0.0,12444.67,4472.05,0.0,0.0,16374.66,42790.95,13.9537,0.0,0.0,12537.45,4472.05,0.0,0.0,16374.66,42790.95,13.8874,0.0,0.0,12591.4,4472.05,0.0,0.0,16374.66,42790.95,13.8563,0.0,0.0,12620.1,4472.05,0.0,0.0,16374.66,42790.95,13.8302,0.0,0.0,12645.48,4472.05,0.0,0.0,16374.66,42790.95,13.8042,0.0,0.0,12670.78,4472.05,0.0,0.0,16374.66,42790.95,13.7831,0.0,0.0,12692.16,4472.05,0.0,0.0,16374.66,42790.95,13.758,0.0,0.0,12708.7,4472.05,0.0,0.0,16374.66,42790.95,2.245,22.0,2.27,2.235,139000.0,14.51,14.747499999999995
2019-12-16 03:00:00-06:00,9638.92,1035.49,3709.7,798.87,9975.93,4451.2,2614.51,33353.31,1128.68,75.0,69.0,76.0,0.0,74.0,74.0,160.0,9.0,43017.8,3956.0,520.96,4304.26,6129.38,10954.6,470.7,4409.8,5258.4,10138.9,503.9,4334.6,5993.7,10832.2,3367.0,366.1,3980.7,7713.8,14.0963,0.0,0.0,12832.13,4475.2,0.0,0.0,16701.83,43492.08,13.851,0.0,0.0,13021.45,4475.2,0.0,0.0,16701.83,43492.08,13.7243,0.0,0.0,13122.17,4475.2,0.0,0.0,16701.83,43492.08,13.5859,0.0,0.0,13228.39,4475.2,0.0,0.0,16701.83,43492.08,13.5085,0.0,0.0,13284.17,4475.2,0.0,0.0,16701.83,43492.08,13.4838,0.0,0.0,13333.43,4475.2,0.0,0.0,16701.83,43492.08,13.4922,0.0,0.0,13327.55,4475.2,0.0,0.0,16701.83,43492.08,13.4988,0.0,0.0,13305.04,4475.2,0.0,0.0,16701.83,43492.08,13.5107,0.0,0.0,13282.4,4475.2,0.0,0.0,16701.83,43492.08,13.5479,0.0,0.0,13256.19,4475.2,0.0,0.0,16701.83,43492.08,13.6061,0.0,0.0,13215.47,4475.2,0.0,0.0,16701.83,43492.08,2.245,22.0,2.27,2.235,139000.0,15.11,14.162499999999998
2019-12-16 04:00:00-06:00,9826.17,1071.22,3804.42,871.82,10621.78,4548.54,2594.38,34461.17,1122.82,100.0,69.0,76.0,0.0,73.0,73.0,170.0,8.0,43134.3,3956.2,602.95,3927.37,6487.24,11017.56,508.1,4072.9,5263.8,9844.8,602.0,3917.1,6394.9,10914.0,2962.9,459.0,4374.6,7796.5,14.314,0.0,0.0,13063.88,4472.99,0.0,0.0,16977.8,43896.07,14.1323,0.0,0.0,13098.61,4472.99,0.0,0.0,16977.8,43896.07,14.1979,0.0,0.0,13021.92,4472.99,0.0,0.0,16977.8,43896.07,14.2337,0.0,0.0,12960.5,4472.99,0.0,0.0,16977.8,43896.07,14.2785,0.0,0.0,12915.09,4472.99,0.0,0.0,16977.8,43896.07,14.341,0.0,0.0,12869.53,4472.99,0.0,0.0,16977.8,43896.07,14.4224,0.0,0.0,12802.69,4472.99,0.0,0.0,16977.8,43896.07,16.0548,0.0,0.0,12699.58,4472.99,0.0,0.0,16977.8,43896.07,16.5006,0.0,0.0,12593.57,4472.99,0.0,0.0,16977.8,43896.07,18.4833,0.0,0.0,12482.99,4472.99,0.0,0.0,16977.8,43896.07,19.7226,0.0,0.0,12348.83,4472.99,0.0,0.0,16977.8,43896.07,2.245,22.0,2.27,2.235,139000.0,15.77,14.377500000000005
2019-12-16 05:00:00-06:00,10350.84,1166.04,3950.92,937.38,11860.28,4918.08,2725.87,37049.33,1139.91,100.0,70.0,76.0,0.0,73.0,73.0,160.0,9.0,43905.2,3958.3,569.85,3808.04,6840.23,11218.12,538.4,3569.1,5603.0,9710.5,562.9,3922.4,6769.4,11254.7,2948.4,411.5,4774.9,8134.8,16.2502,0.0,0.0,12071.08,4477.95,0.0,0.0,18033.64,45631.86,15.0467,0.0,0.0,12395.29,4477.95,0.0,0.0,18033.64,45631.86,15.642,0.0,0.0,12190.26,4477.95,0.0,0.0,18033.64,45631.86,16.0897,0.0,0.0,12021.58,4477.95,0.0,0.0,18033.64,45631.86,17.094,0.0,0.0,11855.15,4477.95,0.0,0.0,18033.64,45631.86,17.8914,0.0,0.0,11710.34,4477.95,0.0,0.0,18033.64,45631.86,18.0853,0.0,0.0,11528.42,4477.95,0.0,0.0,18033.64,45631.86,19.0328,0.0,0.0,11299.2,4477.95,0.0,0.0,18033.64,45631.86,20.0784,0.0,0.0,11042.98,4477.95,0.0,0.0,18033.64,45631.86,21.4378,0.0,0.0,10814.96,4477.95,0.0,0.0,18033.64,45631.86,21.7032,0.0,0.0,10587.03,4477.95,0.0,0.0,18033.64,45631.86,2.245,22.0,2.27,2.235,139000.0,17.38,15.000000000000004
2019-12-16 06:00:00-06:00,11089.17,1325.75,4120.32,1068.51,13596.6,5570.84,2996.43,40993.46,1225.85,100.0,70.0,76.0,0.0,74.0,74.0,160.0,7.0,48510.2,3841.6,602.52,3245.27,6788.87,10636.66,604.3,3028.2,6212.5,9845.0,593.6,3300.9,6677.4,10571.9,2464.0,437.1,4726.1,7627.2,15.795,0.0,0.0,12348.65,4124.3,0.0,0.0,19266.96,48324.93,15.8403,0.0,0.0,12370.84,4124.3,0.0,0.0,19266.96,48324.93,16.4204,0.0,0.0,11986.24,4124.3,0.0,0.0,19266.96,48324.93,16.7415,0.0,0.0,11631.56,4124.3,0.0,0.0,19266.96,48324.93,17.0193,0.0,0.0,11327.39,4124.3,0.0,0.0,19266.96,48324.93,17.2443,0.0,0.0,11057.53,4124.3,0.0,0.0,19266.96,48324.93,17.3408,0.0,0.0,10819.08,4124.3,0.0,0.0,19266.96,48324.93,17.4421,0.0,0.0,10602.38,4124.3,0.0,0.0,19266.96,48324.93,17.8022,0.0,0.0,10382.64,4124.3,0.0,0.0,19266.96,48324.93,18.4575,0.0,0.0,10198.83,4124.3,0.0,0.0,19266.96,48324.93,19.1078,0.0,0.0,10047.19,4124.3,0.0,0.0,19266.96,48324.93,2.245,22.0,2.27,2.235,139000.0,28.25,16.695000000000004
2019-12-16 08:00:00-06:00,11576.21,1460.11,3937.84,1137.65,14807.55,6046.97,3063.38,43485.15,1455.43,100.0,70.0,78.0,0.0,75.0,75.0,170.0,9.0,49352.6,3866.1,488.46,2242.9,5212.7,7944.06,641.8,2313.2,5612.3,8567.3,494.6,2273.4,5045.4,7813.4,1660.5,351.5,3255.7,5267.7,30.7655,0.0002,0.0,6929.39,4196.36,0.0,0.0,19657.08,47043.17,21.6172,0.0,0.0,7196.1,4196.36,0.0,0.0,19657.08,47043.17,21.9506,0.0,0.0,7176.73,4196.36,0.0,0.0,19657.08,47043.17,21.8214,0.0,0.0,7169.0,4196.36,0.0,0.0,19657.08,47043.17,21.5638,0.0,0.0,7150.97,4196.36,0.0,0.0,19657.08,47043.17,21.2807,0.0,0.0,7136.49,4196.36,0.0,0.0,19657.08,47043.17,21.1526,0.0,0.0,7119.82,4196.36,0.0,0.0,19657.08,47043.17,21.0739,0.0,0.0,7102.65,4196.36,0.0,0.0,19657.08,47043.17,20.959,0.0001,0.0,7093.38,4196.36,0.0,0.0,19657.08,47043.17,20.889,0.0001,0.0,7074.15,4196.36,0.0,0.0,19657.08,47043.17,21.0756,0.0001,0.0,7041.3,4196.36,0.0,0.0,19657.08,47043.17,2.245,22.0,2.27,2.235,139000.0,22.42,23.947499999999998
2019-12-16 09:00:00-06:00,11916.96,1511.02,3824.27,1131.53,15049.85,6151.61,3174.65,44234.82,1474.93,100.0,70.0,80.0,0.01,77.0,77.0,170.0,11.0,49849.6,3847.6,560.83,1989.44,5920.14,8470.41,593.1,2462.7,5356.2,8412.0,552.5,2003.4,5814.7,8370.6,1521.5,387.7,3822.1,5731.3,23.8875,0.0043,0.0,6382.03,4154.29,0.0,0.0,19948.57,46878.53,22.774,0.0036,0.0,6415.85,4154.29,0.0,0.0,19893.57,46804.53,23.2631,0.0053,0.0,6347.2,4154.29,0.0,0.0,19893.57,46804.53,23.6329,0.0073,0.0,6291.15,4154.29,0.0,0.0,19893.57,46804.53,23.6339,0.0096,0.0,6242.46,4154.29,0.0,0.0,19893.57,46804.53,24.2992,0.0128,0.0,6191.81,4154.29,0.0,0.0,19893.57,46804.53,26.7709,0.0175,0.0,6134.34,4154.29,0.0,0.0,19893.57,46804.53,35.3479,0.0227,0.0,6085.95,4154.29,0.0,0.0,19893.57,46804.53,35.7053,0.0259,0.0,6061.45,4154.29,0.0,0.0,19893.57,46804.53,42.7747,0.0275,0.0,6050.44,4154.29,0.0,0.0,19893.57,46804.53,42.7755,0.0285,0.0,6043.4,4154.29,0.0,0.0,19893.57,46804.53,2.245,22.0,2.27,2.235,139000.0,22.27,23.167500000000004
2019-12-16 11:00:00-06:00,12223.96,1581.44,3688.95,1124.17,15298.56,6264.58,3385.6,45023.72,1456.46,100.0,58.0,61.0,0.01,61.0,61.0,300.0,16.0,51254.3,3745.8,742.19,2077.86,7092.66,9912.71,652.4,2396.3,6651.3,9700.0,756.2,2088.9,6967.8,9812.9,1467.4,577.2,4711.0,6755.6,20.7961,0.0,0.0,7334.98,4209.05,0.0,0.0,19404.67,49029.14,20.9006,0.0,0.0,7375.87,4209.05,0.0,0.0,19404.67,49029.14,20.9002,0.0,0.0,7451.02,4209.05,0.0,0.0,19404.67,49029.14,20.9,0.0,0.0,7517.91,4209.05,0.0,0.0,19404.67,49029.14,20.4157,0.0,0.0,7565.2,4209.05,0.0,0.0,19404.67,49029.14,20.0682,0.0,0.0,7630.04,4209.05,0.0,0.0,19404.67,49029.14,19.9967,0.0,0.0,7699.98,4209.05,0.0,0.0,19404.67,49029.14,19.9157,0.0,0.0,7775.96,4209.05,0.0,0.0,19404.67,49029.14,19.7655,0.0,0.0,7842.23,4209.05,0.0,0.0,19404.67,49029.14,19.5895,0.0,0.0,7911.94,4209.05,0.0,0.0,19404.67,49029.14,19.5437,0.0,0.0,7993.05,4209.05,0.0,0.0,19404.67,49029.14,2.245,22.0,2.27,2.235,139000.0,20.43,22.189999999999994
2019-12-16 13:00:00-06:00,11229.95,1599.82,3730.6,1129.88,15149.57,6019.86,3503.75,43702.11,1338.67,100.0,51.0,57.0,0.01,57.0,57.0,310.0,15.0,51633.0,3750.7,885.65,2865.19,7977.73,11728.57,828.0,3047.4,7511.7,11387.1,869.7,2876.6,7859.0,11605.3,2205.6,720.7,5379.6,8305.9,19.9254,0.0,0.0,8302.78,4423.99,0.0,0.0,19256.05,50078.16,20.0284,0.0,0.0,8170.38,4423.99,0.0,0.0,18909.05,49293.16,19.9372,0.0,0.0,8232.21,4423.99,0.0,0.0,18909.05,49293.16,19.9334,0.0,0.0,8294.41,4423.99,0.0,0.0,18909.05,49293.16,19.9285,0.0,0.0,8367.35,4423.99,0.0,0.0,18909.05,49293.16,19.9111,0.0,0.0,8441.29,4423.99,0.0,0.0,18909.05,49293.16,19.6607,0.0,0.0,8516.61,4423.99,0.0,0.0,18909.05,49293.16,19.4994,0.0,0.0,8591.02,4423.99,0.0,0.0,18909.05,49293.16,19.2422,0.0,0.0,8667.85,4423.99,0.0,0.0,18909.05,49293.16,19.0696,0.0,0.0,8741.85,4423.99,0.0,0.0,18909.05,49293.16,19.0432,0.0,0.0,8822.7,4423.99,0.0,0.0,18909.05,49293.16,2.245,22.0,2.27,2.235,139000.0,18.82,19.79499999999999
2019-12-16 14:00:00-06:00,10935.06,1591.21,3780.95,1174.13,15064.24,5947.5,3506.12,43270.56,1271.35,100.0,48.0,56.0,0.01,56.0,56.0,330.0,18.0,53186.4,3738.8,927.05,3659.85,8485.86,13072.76,889.4,3698.4,8501.6,13089.4,940.3,3667.5,8504.0,13111.8,2801.8,809.8,6094.6,9706.2,16.3768,0.0,0.0,11627.29,4507.76,0.0,0.0,19158.65,51720.71,16.6273,0.0,0.0,11432.99,4507.76,0.0,0.0,19158.65,51720.71,16.6485,0.0,0.0,11461.62,4507.76,0.0,0.0,19158.65,51720.71,16.6945,0.0,0.0,11502.52,4507.76,0.0,0.0,19158.65,51720.71,16.7477,0.0,0.0,11547.59,4507.76,0.0,0.0,19158.65,51720.71,16.7792,0.0,0.0,11595.31,4507.76,0.0,0.0,19158.65,51720.71,16.7802,0.0,0.0,11645.96,4507.76,0.0,0.0,19158.65,51720.71,16.7641,0.0,0.0,11691.95,4507.76,0.0,0.0,19158.65,51720.71,16.7475,0.0,0.0,11739.22,4507.76,0.0,0.0,19158.65,51720.71,16.7256,0.0,0.0,11791.91,4507.76,0.0,0.0,19158.65,51720.71,16.6669,0.0,0.0,11848.09,4507.76,0.0,0.0,19158.65,51720.71,2.245,22.0,2.27,2.235,139000.0,17.61,17.09999999999999
2019-12-16 15:00:00-06:00,10820.85,1581.33,3800.11,1118.47,15208.18,5894.81,3470.46,43180.27,1286.06,100.0,46.0,54.0,0.0,54.0,54.0,340.0,15.0,53904.4,3678.1,891.02,4385.38,8937.72,14214.12,894.9,4149.4,8839.9,13884.2,887.2,4535.6,8813.6,14236.4,3520.1,734.0,6377.8,10631.9,16.4475,0.0,0.0,12397.49,4401.82,0.0,0.0,19139.8,52140.96,16.4579,0.0,0.0,12340.29,4401.82,0.0,0.0,19112.8,52112.96,16.4556,0.0,0.0,12351.16,4401.82,0.0,0.0,19112.8,52112.96,16.4551,0.0,0.0,12361.97,4401.82,0.0,0.0,19112.8,52112.96,16.4544,0.0,0.0,12359.14,4401.82,0.0,0.0,19112.8,52112.96,16.4549,0.0,0.0,12355.18,4401.82,0.0,0.0,19112.8,52112.96,16.4549,0.0,0.0,12354.75,4401.82,0.0,0.0,19112.8,52112.96,16.455,0.0,0.0,12354.36,4401.82,0.0,0.0,19112.8,52112.96,16.4562,0.0,0.0,12340.74,4401.82,0.0,0.0,19112.8,52112.96,16.4579,0.0,0.0,12320.8,4401.82,0.0,0.0,19112.8,52112.96,16.4594,0.0,0.0,12304.09,4401.82,0.0,0.0,19112.8,52112.96,2.245,22.0,2.27,2.235,139000.0,16.29,16.557499999999994
2019-12-16 16:00:00-06:00,10840.46,1641.03,3796.51,1174.08,15816.63,6072.86,3413.82,44120.12,1364.72,75.0,44.0,53.0,0.0,53.0,53.0,340.0,22.0,54044.0,3684.7,923.5,4187.91,9547.92,14659.33,937.0,4642.7,9028.1,14607.8,933.0,4283.2,9418.8,14635.0,3285.2,784.0,6846.5,10915.7,16.5483,0.0,0.0,12586.03,4455.02,0.0,0.0,19016.98,53079.46,16.4931,0.0,0.0,12580.57,4496.58,0.0,0.0,18996.98,53037.9,16.4684,0.0,0.0,12537.68,4496.58,0.0,0.0,18996.98,53037.9,16.4402,0.0,0.0,12499.21,4496.58,0.0,0.0,18996.98,53037.9,16.4408,0.0,0.0,12449.45,4496.58,0.0,0.0,18996.98,53037.9,16.4418,0.0,0.0,12393.94,4496.58,0.0,0.0,18996.98,53037.9,16.4448,0.0,0.0,12314.68,4496.58,0.0,0.0,18996.98,53037.9,16.4483,0.0,0.0,12230.19,4496.58,0.0,0.0,18996.98,53037.9,16.4536,0.0,0.0,12125.44,4496.58,0.0,0.0,18996.98,53037.9,16.4582,0.0,0.0,12027.3,4496.58,0.0,0.0,18996.98,53037.9,16.4887,0.0,0.0,11928.38,4496.58,0.0,0.0,18996.98,53037.9,2.245,22.0,2.27,2.235,139000.0,17.00,16.194999999999993
2019-12-16 17:00:00-06:00,11258.55,1778.82,3781.3,1180.94,16834.2,6603.23,3373.56,46327.94,1517.34,75.0,42.0,51.0,0.0,51.0,51.0,340.0,21.0,53785.6,3688.2,854.01,4246.02,9445.05,14545.08,885.0,5015.3,8890.9,14791.2,849.3,4342.9,9628.7,14820.9,3388.3,689.6,7066.8,11144.7,16.6297,0.0,0.0,11863.34,4343.76,0.0,0.0,19034.5,52821.08,16.7601,0.0,0.0,11680.41,4343.76,0.0,0.0,19034.5,52821.08,17.0158,0.0,0.0,11491.14,4343.76,0.0,0.0,19034.5,52821.08,17.3696,0.0,0.0,11242.47,4343.76,0.0,0.0,19034.5,52821.08,17.856,0.0,0.0,10941.81,4343.76,0.0,0.0,19034.5,52821.08,18.1055,0.0,0.0,10602.54,4343.76,0.0,0.0,19034.5,52821.08,18.4044,0.0,0.0,10236.15,4343.76,0.0,0.0,19034.5,52821.08,18.9426,0.0,0.0,9857.95,4343.76,0.0,0.0,19034.5,52821.08,19.6603,0.0,0.0,9492.85,4343.76,0.0,0.0,19034.5,52821.08,20.0184,0.0,0.0,9161.35,4343.76,0.0,0.0,19034.5,52821.08,20.1356,0.0,0.0,8884.69,4343.76,0.0,0.0,19034.5,52821.08,2.245,22.0,2.27,2.235,139000.0,20.47,17.132499999999993
2019-12-16 18:00:00-06:00,11438.85,1889.83,3908.51,1203.94,17650.82,7285.02,3444.09,48426.19,1605.14,75.0,40.0,50.0,0.0,50.0,43.0,350.0,23.0,52654.9,3764.9,917.37,4111.41,9274.77,14303.55,942.0,4423.2,8545.4,13910.6,920.0,4186.8,8999.4,14106.2,3214.2,771.2,6576.8,10562.2,30.5132,0.0001,0.0,6950.99,4177.46,0.0,0.0,19520.35,52157.13,28.3983,0.0001,0.0,6972.69,4177.46,0.0,0.0,19520.35,52157.13,28.3947,0.0002,0.0,6926.77,4177.46,0.0,0.0,19520.35,52157.13,28.3205,0.0002,0.0,6852.47,4177.46,0.0,0.0,19520.35,52157.13,28.2573,0.0004,0.0,6787.97,4177.46,0.0,0.0,19520.35,52157.13,28.2226,0.0005,0.0,6739.18,4177.46,0.0,0.0,19520.35,52157.13,28.2175,0.0006,0.0,6699.76,4177.46,0.0,0.0,19520.35,52157.13,28.2186,0.0008,0.0,6660.8,4177.46,0.0,0.0,19520.35,52157.13,28.2469,0.001,0.0,6631.87,4177.46,0.0,0.0,19520.35,52157.13,28.2997,0.0011,0.0,6610.78,4177.46,0.0,0.0,19520.35,52157.13,28.3703,0.0013,0.0,6590.81,4177.46,0.0,0.0,19520.35,52157.13,2.245,22.0,2.27,2.235,139000.0,19.75,31.21999999999999
2019-12-16 19:00:00-06:00,11603.65,1883.24,4025.31,1199.65,17633.16,7457.99,3385.41,48754.2,1565.79,75.0,38.0,49.0,0.0,49.0,42.0,350.0,18.0,53608.6,3782.3,950.8,4364.39,9988.62,15303.81,895.0,4492.6,9487.6,14875.2,945.9,4423.5,9807.7,15177.1,3411.2,816.6,7499.7,11727.5,21.0134,0.0,0.0,7171.87,4512.21,0.0,0.0,19190.2,52595.91,20.9263,0.0,0.0,7236.15,4562.17,0.0,0.0,19166.2,52545.96,21.0,0.0,0.0,7260.35,4562.17,0.0,0.0,19166.2,52545.96,21.0061,0.0,0.0,7278.91,4562.17,0.0,0.0,19166.2,52545.96,21.0127,0.0,0.0,7276.51,4562.17,0.0,0.0,19166.2,52545.96,21.0188,0.0,0.0,7264.67,4562.17,0.0,0.0,19166.2,52545.96,21.1111,0.0,0.0,7249.27,4562.17,0.0,0.0,19166.2,52545.96,21.1111,0.0,0.0,7247.51,4562.17,0.0,0.0,19166.2,52545.96,21.111,0.0,0.0,7244.7,4562.17,0.0,0.0,19166.2,52545.96,21.1229,0.0,0.0,7231.16,4562.17,0.0,0.0,19166.2,52545.96,21.1279,0.0,0.0,7229.32,4562.17,0.0,0.0,19166.2,52545.96,2.245,22.0,2.27,2.235,139000.0,18.91,20.509999999999994
2019-12-16 21:00:00-06:00,11304.92,1908.36,4122.01,1146.13,16957.02,7431.69,3189.72,47572.08,1512.23,19.0,35.0,45.0,0.0,45.0,37.0,350.0,18.0,54147.1,3761.7,971.7,4807.71,9829.94,15609.35,945.6,4624.3,9574.9,15144.8,972.3,4978.9,9901.3,15852.5,3955.6,846.0,7441.6,12243.2,25.6897,0.0,0.0,8564.43,4724.14,0.0,0.0,19096.37,53494.17,28.6383,0.0,0.0,8504.38,4847.06,0.0,0.0,19031.37,53371.25,27.9899,0.0,0.0,8588.67,4847.06,0.0,0.0,19031.37,53371.25,27.6922,0.0,0.0,8670.45,4847.06,0.0,0.0,19031.37,53371.25,27.4967,0.0,0.0,8765.87,4847.06,0.0,0.0,19031.37,53371.25,27.3461,0.0,0.0,8879.42,4847.06,0.0,0.0,19031.37,53371.25,27.1025,0.0,0.0,9011.38,4847.06,0.0,0.0,19031.37,53371.25,25.6055,0.0,0.0,9150.85,4847.06,0.0,0.0,19031.37,53371.25,24.2596,0.0,0.0,9293.66,4847.06,0.0,0.0,19031.37,53371.25,24.2805,0.0,0.0,9449.84,4847.06,0.0,0.0,19031.37,53371.25,24.2126,0.0,0.0,9624.8,4847.06,0.0,0.0,19031.37,53371.25,2.245,22.0,2.27,2.235,139000.0,16.62,16.852499999999996
2019-12-16 22:00:00-06:00,10848.23,1797.22,4015.11,1104.25,15974.23,7110.33,2994.09,45331.84,1488.38,50.0,35.0,45.0,0.0,45.0,38.0,350.0,16.0,54135.5,3829.1,933.39,4770.17,9785.13,15488.69,922.2,4958.6,9733.3,15614.1,939.5,4845.0,9861.9,15646.4,3827.5,796.3,7308.9,11932.7,17.8404,0.0,0.0,10347.51,4494.03,0.0,0.0,19132.97,53156.86,17.9642,0.0,0.0,10354.71,4543.96,0.0,0.0,19068.97,53001.93,17.7449,0.0,0.0,10561.1,4543.96,0.0,0.0,19068.97,53001.93,17.578,0.0,0.0,10744.22,4543.96,0.0,0.0,19068.97,53001.93,17.4028,0.0,0.0,10923.53,4543.96,0.0,0.0,19068.97,53001.93,17.2555,0.0,0.0,11105.48,4543.96,0.0,0.0,19068.97,53001.93,17.0694,0.0,0.0,11297.44,4543.96,0.0,0.0,19068.97,53001.93,16.8664,0.0,0.0,11497.31,4543.96,0.0,0.0,19068.97,53001.93,16.6851,0.0,0.0,11692.83,4543.96,0.0,0.0,19068.97,53001.93,16.6284,0.0,0.0,11884.51,4543.96,0.0,0.0,19068.97,53001.93,16.6123,0.0,0.0,12081.73,4543.96,0.0,0.0,19068.97,53001.93,2.245,22.0,2.27,2.235,139000.0,15.47,17.3575
2019-12-16 23:00:00-06:00,10415.41,1696.03,3926.96,1056.85,15027.02,6752.42,2790.68,43117.04,1451.69,75.0,34.0,44.0,0.0,44.0,36.0,350.0,20.0,52780.9,3827.3,880.51,4806.69,9331.14,15018.34,916.5,4978.7,8977.3,14872.5,887.6,4885.3,9378.7,15151.6,3907.9,750.9,7061.0,11719.8,18.9604,0.0,0.0,11693.27,4504.74,0.0,0.0,19187.68,52619.54,19.0407,0.0,0.0,11532.57,4554.55,0.0,0.0,19013.68,52292.73,18.9742,0.0,0.0,11734.93,4554.55,0.0,0.0,19013.68,52292.73,18.9439,0.0,0.0,11931.49,4554.55,0.0,0.0,19013.68,52292.73,18.7413,0.0,0.0,12116.95,4554.55,0.0,0.0,19013.68,52292.73,18.4784,0.0,0.0,12294.29,4554.55,0.0,0.0,19013.68,52292.73,18.2384,0.0,0.0,12466.52,4554.55,0.0,0.0,19013.68,52292.73,17.4979,0.0,0.0,12635.29,4554.55,0.0,0.0,19013.68,52292.73,17.416,0.0,0.0,12800.83,4554.55,0.0,0.0,19013.68,52292.73,17.3516,0.0,0.0,12954.67,4554.55,0.0,0.0,19013.68,52292.73,17.3057,0.0,0.0,13096.04,4554.55,0.0,0.0,19013.68,52292.73,2.245,22.0,2.27,2.235,139000.0,13.67,16.337500000000002
